product name,price
SAMSUNG Galaxy S9 Smartphone (4GB RAM + 64GB ROM) ORIGINAL- IMPORTED,RM759.00
"Samsung Galaxy S9 Plus 128GB - Sunrise Gold! (Dual Aperture camera, AR Emoji and Bixby updates)","RM1,899.00"
Samsung Galaxy S9+ G965 64GB (Blue),"RM1,680.00"
Samsung Galaxy S9+ G965 64GB (Blue),"RM1,889.00"
SAMSUNG GALAXY S9 CORAL BLUE,"RM2,799.00"
(used) Samsung Galaxy S9+ (samsung import set),"RM1,120.00"
"SAMSUNG GALAXY S9 , 4+64GB Refurbish SET",RM770.00
SAMSUNG Galaxy S9 / S9 Plus (4 GB & 6GB RAM + 64GB ROM) ORIGINAL-IMPORTED,RM719.00
SAMSUNG GALAXY S9 MIDNIGHT BLACK,"RM2,799.00"
Samsung Galaxy S9 Plus 128gb/6gb Original Samsung Set,RM998.00
Samsung Galaxy S9 64GB 1 years Original Samsung Warranty,"RM1,588.00"
Samsung Galaxy S9 G960U Original LTE Android Cell Phone Octa Core 5.8 12MP 4GB RAM 64GB ROM NFC 3000mAh Snapdragon 845,"RM1,194.00"
Samsung Galaxy S9 Plus(6+64GB) Mobile Phone,"RM1,499.00"
Samsung Galaxy S9 PLUS / S9+ 6GB + 64GB Display Unit ( CLEARANCE SALE ),"RM1,290.00"
Samsung Galaxy S9 4GB + 64GB Display Unit ( CLEARANCE SALE ),RM990.00
(used) Samsung Galaxy S9 (samsung import set),RM945.00
SAMSUNG GALAXY S9 Black,"RM2,850.00"
Samsung Galaxy S9 64GB (ready stock)(warranty by samsung malaysia),"RM1,699.00"
Samsung Galaxy S9+ (64 / 128 / 256GB +6GB Ram) 2nd,RM940.00
Samsung Galaxy S9 Plus 64gb/6gb Original Samsung Set (Warranty by Samsung Malaysia),"RM2,299.00"
Samsung Galaxy S9 Plus Smartphone G965 [ 256GB ROM ] [Original Malaysia Set],"RM4,149.00"
SAMSUNG GALAXY S9 PLUS Smartphone [6GB RAM + 64GB ROM] ORIGINAL-IMPORTED,RM899.00
"SAMSUNG GALAXY S9+ , 6+128GB Refurbish SET","RM1,070.00"
"SAMSUNG GALAXY S9+ , 6+64GB Refurbish SET",RM960.00
SAMSUNG GALAXY S9 G960F 4+64GB Refurbish SET,RM820.00
"(READY STOCK)Samsung Galaxy S9 Dual Sim (4G, 4GB RAM, 64GB ROM, Sunrise Gold)","RM1,699.00"
SAMSUNG GALAXY S9 LILAC PURPLE,"RM2,799.00"
Unlocked For Samsung Galaxy S9 Plus S9+ G965U 64GB ROM 6GB RAM Mobile Phone Octa Core 6.2 Cell Phone,"RM1,178.00"
SAMSUNG GALAXY S9 PLUS,"RM1,080.00"
Unlocked For Samsung Galaxy S9 G960U 4G Android Mobile Phone 4G RAM 64G ROM Octa-core 5.8'' 12MP Fingerprint NFC Smartphone,"RM1,126.00"
Unlocked For Samsung Galaxy S9 G960U 4G Android Mobile Phone 4G RAM 64G ROM Octa-core 5.8'' 12MP Fingerprint NFC Smartphone,"RM1,095.00"
SAMSUNG Galaxy S9 Plus 64GB (G965)-USED SET,RM890.00
(ORIGINAL- IMPORTED) SAMSUNG GALAXY S9 PLUS Smartphone (G965) 6GB RAM+ 64GB ROM,RM899.00
SAMSUNG GALAXY S9+ PLUS 64GB LTE 3G WIFI FULL SET,"RM1,399.00"
SAMSUNG GALAXY S9 PLUS BLACK 64GB,"RM2,699.00"
Samsung Galaxy S9 G960 64GB (Lilac Purple),"RM3,299.00"
Samsung Galaxy S9 64GB 100% Original Samsung Warranty,"RM2,799.00"
Samsung Galaxy S9 PLUS 128GB,"RM2,998.00"
SAMSUNG GALAXY S9 64GB LTE 3G WIFI FULL SET,"RM1,150.00"
(ORIGINAL- IMPORTED) SAMSUNG GALAXY S9 PLUS Smartphone (G965) 6GB RAM+ 64GB ROM - CORAL BLUE,RM899.00
Samsung Galaxy S9 PLUS [6GB + 128GB] ORIGINAL Samsung Malaysia,"RM1,799.00"
Samsung Galaxy S9 Plus / G965F (6GB / 256GB) Original Malaysia Set,"RM2,999.00"
SAMSUNG GALAXY S9(4GB+64GB)WITH 1 YEAR WARRANTY(FOC ORIGINAL SILICON CASE WORTH RM83)-NEW DEMO SET,"RM2,599.00"
(ready stock)Original SAMSUNG GALAXY S9 4GB RAM+64 GB ROM DISPLAY UNIT NO BOX,"RM1,399.00"
[READY STOCK] SAMSUNG GALAXY S9 PLUS 128GB,
Samsung Galaxy S9 PLUS 6GB RAM / 128GB ROM ( DISPLAY UNIT ),"RM1,780.00"
SAMSUNG GALAXY S9 PLUS [6GB RAM + 128GB ROM]100% ORIGINAL SAMSUNG MALAYSIA SET,"RM2,399.00"
Samsung Galaxy S9 [6GB + 64GB ROM]1 YEAR Samsung Malaysia Warranty,"RM1,999.00"
Samsung Galaxy S9+ / S9 PLUS 6GB RAM / 64GB ROM ( DISPLAY UNIT ),"RM1,488.00"
Used SAMSUNG Galaxy S9 Smartphone [4GB RAM + 64GB ROM] Snapdragon (IMPORTED),RM719.00
SAMSUNG Galaxy S9 (G960) 64GB-USED SET,RM750.00
ORIGINAL SAMSUNG GALAXY S9 PLUS (64GB) Smartphone ALL COLOR - (IMPORTED),RM899.00
Used SAMSUNG Galaxy S9 Plus (G965) Smartphone [6GB RAM + 64GB ROM] Snapdragon (IMPORTED),RM859.00
Samsung Galaxy S9+ / S9 PLUS 6GB RAM / 64GB ROM ( DISPLAY UNIT ),"RM1,488.00"
For Samsung Galaxy S9 Plus S9+ G965U 64GB ROM 6GB RAM Snapdragon 845 Mobile Phone Octa Core 6.2 inches,"RM1,190.00"
Type C To 4K Hdmi Tv Cable Projector Hdtv Video Adapter Cable Converter For Samsung Galaxy S10+ S10E S8 S9 Plus Lg G5 For Huawei P20,RM17.70
Samsung Galaxy S7 Edge/S8/S8 Plus/S9/S9 Plus/S10/S10 Plus iPaky ShockProof Hard Case,RM9.90
For Samsung Galaxy S9 Plus G965 G965F Rear Back Camera Glass Lens Cover with Frame Holder Replacement,RM45.42
Samsung Galaxy S9 Plus X-One Ultra Matte Series Anti Blue Light Full Coverage Screen Protector,RM69.00
【Local Delivery】USB Type C Cable For Xiaomi Redmi Note 7 Quick Charge Type-C Fast Charging For Samsung S9 S8 Galaxy A30/A50/A70Note 9 S9 S8 Huawei nova 3/4/5/P9/ MediaPad M5/M6 Honor Play Data Cable for Xiaomi Mi 6/Mi 8/Pocophone F1Redmi Note 7,RM5.90
Samsung Galaxy S9 X-One Ultra Matte Series Anti Blue Light Full Coverage Screen Protector,RM69.00
Samsung Galaxy S9 X-One Stealth Armor ( 1st Generation ) Clear Front Full Coverage Screen Protector,RM89.00
for Samsung Galaxy S8 S8 Plus S7 EDGE S9 S9 Plus S10 S10 Plus S10e S10 Lite A10 A20 A30 A50 A30s A50s A70 A70s M20 A10s A6 2018 Cartoon unicorn TPU Silicone Phone Case Doll Case Lanyard Holder,RM6.80
[CLEARANCE] Nillkin Amazing 3D CP+ Max Full Covered Tempered Glass Screen Protector for Samsung Galaxy S9 (Black),RM4.90
Molan Cano Beastie PU Leather Cover Wallet Flip Case Zipper Diary Samsung Galaxy S8 S9 Plus Note 8 9 10 Plus,RM40.00
"NetDot Wireless Charger , NetDot Qi-Certified Fast Wireless Charging Pad for Samsung Galaxy S9 / S9 Plus /S8 / S8 Plus ( 10W ), iPhone X / 8 / 8 Plus ( 7.5W ), and Other Qi-enabled devices ( 5W )",RM39.00
Samsung Galaxy S9 Plus X-One Stealth Armor ( 2nd Generation ) Clear Front Full Coverage Screen Protector,RM89.00
FLOVEME QC3.0 USB Type C Cable for Samsung Galaxy Note 9 S9 2.8A Micro USB Cable 2 in 1 Fast Charge USB C Cable for Redmi Note 7,RM8.90
Samsung Galaxy S8 S9 S10 Plus Ceramic Polymer Nano Fingerprint Unlocking Sensitive Full Glue Flexible Tempered Glass,RM9.90
"Amazing Thing Samsung Galaxy A8 PLUS (2018) A8 , S9 Plus , S9 S8 Plus , S8 (Clearance Stock)",RM19.90
Replacement External Glass For Samsung Galaxy S8 S9 S10 Plus S10e S10+ Note 8 9 LCD Display Touch Screen Front Outer Glass Lens,RM45.00
USB C Ethernet USB-C to RJ45 Lan Gigabit Network Card Adapter for MacBook Pro Samsung Galaxy S9/S8/Note 9 10M/100M/1000M Type C,RM32.32
USB C Ethernet USB-C to RJ45 Lan Adapter for MacBook Pro Samsung Galaxy S9/S8/Note 9 Type C to RJ45 Gigabit Ethernet LAN Network,RM66.65
Mpow Phone Armband/Armlet Running Exercising Armband/Ajustable Strap/key holder/Night Jogging Compatible iPhone XS Max/XR/X iPhone 8/8 plus/7 Samsung Galaxy S9/S9 Plus/S8 Nokia LG Google Huawei,RM12.00
Baseus Qi Wireless charger fast charger quick charging phone stand For iPhone X Samsung Galaxy S9 mobile phone holder charger,RM69.90
"Car Phone Mount, Windshield Cell Phone Holder Universal Car Cradle Mount With Suction Cup One Press Design For Iphone X Se 7 Plus 6S 6 Plus 6 5S 5 4, Samsung Galaxy S9 Plus S8 S7",RM11.70
Samsung Galaxy S9 X-One Ultra Crystal Clear Series Full Coverage Screen Protector,RM69.00
Samsung Galaxy S10 plus Tuned By AKG Earphone Upgraded Version Headphone S8 S9 PLUS Note8 Note9 Earbuds 3.5mm In-ear,RM23.00
Super Shockproof Clear Transparent Soft Case for iPhone X Xs XsMax XR 6 6s 7 8 6Plus 6sPlus 7Plus 8Plus Silicon Luxury Back Cover for Samsung Galaxy Note8 Note9 S8 S9 S8Plus S9Plus,RM4.23
Samsung NOTE 5 NOTE 8 NOTE 9 S6 EDGE S7 S7 EDGE S8 S8 PLUS S9 S9 PLUS Anti Shock Protective Case,RM7.50
Samsung Galaxy S10 S10 Plus S10e S9 S9 Plus + Back Camera Tempered Glass Protector 2.5D,RM7.90
[Highquality & Topsale] Soft Original Liquid Silicone Case with Microfiber Cloth for Samsung Galaxy S8 S9 S10 Plus A51 A71 Note 10 Plus Case Samsung Galaxy Note 20 Ultra,RM5.94
Samsung Galaxy S9 / S9 Plus S9+ 3D Curved Privacy Full Screen Coverage Tempered Glass - With Black Bezel,RM15.00
"HOCO X50 Type-C to Type-C 100W Fast Charger for Samsung A71 Samsung Galaxy Note 9 S9 S8 S10 Type- c Cable Fast Charging Data Cable for Xiaomi Mi 6/Mi 8/Pocophone F1,Huawei Nova 3/P9/Mate 20/P20【1M/2M】",RM15.99
"Samsung Galaxy S9,S9 Plus,S9+,S10,S10e,S10 Lite,S10 Plus,S10+ Carbon Fiber Slim Brushed Line Medium Hard TPU Casing Case",RM19.60
Samsung Galaxy S9 LED View Cover,RM70.00
6D Full Cover Tempered Glass for Samsung Galaxy S8 S9 Plus Screen Protector,RM6.90
Anti Blue Light Hydrogel Screen Protector For Samsung Galaxy S9,RM14.99
Pre-Installed Screen Protector for Samsung Galaxy S9 (Front & Back),RM9.99
Paperlike Screen Protector for Samsung Galaxy S9 (Front & Back),RM9.99
GUB Bike Phone Holder Adjustable Motorcycle Phone Mount for iPhone X/8/7/6 Plus Samsung Galaxy S9/S8/S7/S6 GPS,RM24.61
10W Fast Wireless Charger For Samsung Galaxy S10 S9/S9+ S8 Note 10 USB Qi Charging Pad for iPhone 11 Pro XS Max XR X 8 Plus,RM20.00
Hydrogel Film for Samsung Galaxy S20 Ultra S10 Plus Privacy Peep Soft Screen Protector for Samsung S9 Note 8 9 10 20 ultra Plus Film,RM8.46
Samsung Galaxy S9 Plus S9 Clear View Standing Cover,RM20.00
"Samsung Adaptive Fast Charge Power Adapter for Samsung Galaxy A01, A10s, A11, A20s, A21s, A30s, A31, A50s, A51, A71, J1, J2, J3, J4, J5, J6, J7, J8, Note 2, Note 3, Note 4 Note 5, Note FE, Note8, Note9, Note10, S2, S3, S4, S5, S6, S7, S8, S9, S10, S20",RM14.90
【SPOT HOT SALE】 KUULAA 10W Fast Charge Wireless Charger for Samsung Galaxy S10 S9 S8 Plus Note 10 9 8 iPhone X XS Max XR 8 8 Plus 11 11 Pro Huawei Mate 20 Android Phone,RM14.20
"Car Phone Mount, Windshield Cell Phone Holder Universal Car Cradle Mount With Suction Cup One Press Design For Iphone X Se 7 Plus 6S 6 Plus 6 5S 5 4, Samsung Galaxy S9 Plus S8 S7",RM11.91
Transparent Shockproof Case for Samsung Galaxy S20 Ultra S10 S9 S8 Plus Shockproof Cover for Samsung Note 10 9 8 S20 Plus S10E Silicone Armor Back Case,RM12.59
Original 3.5mm Samsung Earphones with Cable and Microphone for AKG Galaxy S10 S9 S8 S7 S6 Plus C5 C7 C9 pro Volume Control,RM6.49
Comel dan Lucu Itik Bear Kartun Dicat Corak Kes Telefon Mudah Alih untuk Samsung Galaxy Nota 10 Plus Pro Nota 9 nota 8 S10 Plus Lite S10E S8 Plus S9 Plus Telefon Bimbit Perlindungan Perlindungan DC04 Siri,RM3.90
